pseudo,email,pwd,pays,ville,date,date_naissance
Tenerre,tenerre@outlook.com,fer8d4354ze,France,Caen,2023-05-01,2002-07-12
Bolzdsx,bolzdsx@outlook.fr,DZEF1545,Suisse,Berne,2023-05-05,1995-03-15
Indir,indir@free.fr,DEFJ9657244,Chine,Pékin,2023-04-21,1998-09-30
Tenxn,Tenxn@laposte.fr,fer8414354ze,Suisse,Berne,2023-05-05,1997-11-24
Rilive,Rilive@outlook.com,21D714ZA_8,Suisse,Genève,2023-05-04,1999-02-16
Lucille,Lucille.g@gmail.com,ddz25aD56,Suisse,Berne,2023-05-05,1993-08-08
Fedeia,Fedeia@free.fr,ERGTO561,Espagne,Madrid,2023-05-04,2001-05-27
Marthe_ini,MArthe@outlook.fr,DQZ14653,Etats-Unis,New York,2023-04-21,1982-12-01
5616843146531,pseudo.chiant@gmail.com,DZEF15,France,Lyon,2023-05-06,2000-10-15
DDaybreak,jourDetruit@free.fr,DZ2EF15,Chine,Pékin,2023-05-06,1996-04-25
Wikitop,Wikileak@free.fr,zdjbr75ge,France,Rouen,2023-05-05,1994-01-04
41563216843146531,encorepseudochiant@outlook.com,E63RGTO561,France,Rouen,2023-04-21,1999-06-18
Martheini,alcool@free.fr,fer8452354ze,Algérie,Alger,2023-05-06,1988-03-27
Rinalive,MachinRina@outlook.com,d75dzaD56,Belgique,Bruxelles,2023-05-05,1991-02-09
Lucie,PrenomQueJaimeBcp@outlook.com,E68RGTO561,Espagne,Madrid,2023-05-04,2003-04-10
Denzll,DenzelWashington@outlook.com,DZF41E514,France,Orly,2023-05-01,1995-07-02
Daybroke,jourDetruit@outlook.com,DEFJ96dza44,Suisse,Berne,2023-05-04,1990-08-22
Eesjullo,LaJuliance@outlook.fr,fer84354sze,Tunisie,Tunis,2023-05-05,2000-12-31
Weebo,Weeb@gmail.com,354ezreaz,Côte d'Ivoire,Abidjan,2023-05-01,2002-01-19
Mistral,RenaudLesClassiques@free.fr,feraze84354ze,Algérie,Alger,2023-05-05,1999-11-14
Kronomuzik,zzccmxtp@outlook.fr,fer8435d4ze,Tunisie,Tunis,2023-05-04,1992-10-05
Wiko,MarqueNul@gmail.com,DKCountry,Espagne,Madrid,2023-05-06,2004-01-01
Day,jour@free.fr,zdjbrde5ge,France,Paris,2023-05-01,1998-06-30
Papaille,fruit@free.fr,fe35r84354ze,Maroc,Rabat,2023-04-21,1997-07-29
Truman,VraiMonsieur@gmail.com,3zae54ezreaz,Royaume-Uni,Londres,2023-05-05,1984-09-15
Mazdzd,masdassOfficial@free.fr,ddzezaaD56,France,Marseille,2023-05-05,1993-01-20
564156,EncoreDesChiffres@outlook.fr,3g54ezreaz,France,Bordeaux,2023-05-04,2003-05-01
Matouzer,LegendeVivante@free.fr,ERGTOvf561,Etats-Unis,New York,2023-05-06,1996-02-12
564116843146531,cc@free.fr,ddzdzaD56xc,France,Paris,2023-05-06,1989-08-16
Mothis,mythe@laposte.fr,ERzefGTO561xc,France,Toulouse,2023-05-05,1998-03-14
5641563216843146531,nombreGrand@gmail.com,frgferkjg543,Chine,Pékin,2023-04-21,2002-07-18
Mothis,memePseudo@outlook.fr,21DfesdsdZA_8,France,Bordeaux,2023-05-06,1987-11-26
LAKIFFANCE,naps@laposte.fr,DZFEokz514,Belgique,Bruxelle,2023-05-05,1995-05-10
Rhinoshield,argent@outlook.fr,frDZEF15,Maroc,Rabat,2023-05-06,1992-12-19
Julien,juju@gmail.com,foerjzgf845,France,Rouen,2023-05-04,2000-06-20
LeMondeChico,lmc@outlook.com,AdemoNos,Tunisie,Tunis,2023-05-01,1999-04-01
Dolly,dauphin@outlook.fr,zddzajbrge,Sénégal,Dakar,2023-04-21,2001-09-28
Indila,Chanteuse@outlook.com,DZFdfzefE514,France,Caen,2023-05-05,1980-05-13
LRBGood,LRB@laposte.fr,8za454ze,France,Paris,2023-05-01,1994-10-22
Bracelet,objet@laposte.fr,DQdzaZ653,Belgique,Bruxelles,2023-05-01,1996-11-11
Bretzel,bretzel@free.fr,Bretzel,Tunisie,Tunis,2023-05-05,1985-06-02
Vivax,vivelavie@free.fr,ERGTdazO561,Algérie,Alger,2023-05-06,2002-03-18
Viv,base@laposte.fr,354ezefzreaz,France,Lyon,2023-05-01,1986-01-07
Tension,SousTension@outlook.fr,fegrer84354ze,Sénégal,Dakar,2023-05-01,1997-04-28
Ma_lubululle,biere@laposte.fr,ddokzaD56,France,Strasbourg,2023-04-21,2001-12-05
Elea,base@laposte.fr,35az4ezreaz,France,Lille,2023-05-04,1999-10-11
Mistral,meteo@outlook.com,DZFE514,France,Paris,2023-05-04,1995-03-07
GordockTheDestroyer,GTD@gmail.com,zdezfdjbefrge,France,Paris,2023-05-04,1990-02-21
Felindra,teteDeTigre@gmail.com,foerjgf8gtr45,Algérie,Alger,2023-04-21,2000-08-13
SpAttack,sp.attack@outlook.com,DEFJ9fez6ds44,Maroc,Rabat,2023-05-05,1983-07-26