pseudo,email,pwd,pays,ville,date_creation
Tenerre,tenerre@outlook.com,fer8d4354ze,France,Caen,2023-05-01
Bolzdsx,bolzdsx@outlook.fr,DZEF1545,Suisse,Berne,2023-05-05
Indir,indir@free.fr,DEFJ9657244,Chine,Pékin,2023-04-21
Tenxn,Tenxn@laposte.fr,fer8414354ze,Suisse,Berne,2023-05-05
Rilive,Rilive@outlook.com,21D714ZA_8,Suisse,Genève,2023-05-04
Lucille,Lucille.g@gmail.com,ddz25aD56,Suisse,Berne,2023-05-05
Fedeia,Fedeia@free.fr,ERGTO561,Espagne,Madrid,2023-05-04
Marthe_ini,MArthe@outlook.fr,DQZ14653,Etats-Unis,New York,2023-04-21
pseudo,chiant@gmail.com,DZEF15diz,France,Lyon,2023-05-06
DDaybreak,jourDetruit@free.fr,DZ2EF15fff,Chine,Pékin,2023-05-06
Wikitop,Wikileak@free.fr,zdjbr75ge,France,Rouen,2023-05-05
41563216843146531,encorepseudochiant@outlook.com,E63RGTO561,France,Rouen,2023-04-21
Martheini,alcool@free.fr,fer8452354ze,Algérie,Alger,2023-05-06
Rinalive,MachinRina@outlook.com,d75dzaD56,Belgique,Bruxelles,2023-05-05
Lucie,PrenomQueJaimeBcp@outlook.com,E68RGTO561,Espagne,Madrid,2023-05-04
Denzll,DenzelWashington@outlook.com,DZF41E514,France,Orly,2023-05-01
Daybroke,jourDetruit@outlook.com,DEFJ96dza44,Suisse,Berne,2023-05-04
Eesjullo,LaJuliance@outlook.fr,fer84354sze,Tunisie,Tunis,2023-05-05
Weebo,Weeb@gmail.com,354ezreaz,Côte d'Ivoire,Abidjan,2023-05-01
Mistral,RenaudLesClassiques@free.fr,feraze84354ze,Algérie,Alger,2023-05-05
Kronomuzik,zzccmxtp@outlook.fr,fer8435d4ze,Tunisie,Tunis,2023-05-04
Wiko,MarqueNul@gmail.com,DKCountry,Espagne,Madrid,2023-05-06
Day,jour@free.fr,zdjbrde5ge,France,Paris,2023-05-01
Papaille,fruit@free.fr,fe35r84354ze,Maroc,Rabat,2023-04-21
Truman,VraiMonsieur@gmail.com,3zae54ezreaz,Royaume-Uni,Londres,2023-05-05
Mazdzd,masdassOfficial@free.fr,ddzezaaD56,France,Marseille,2023-05-05
564156,EncoreDesChiffres@outlook.fr,3g54ezreaz,France,Bordeaux,2023-05-04
Matouzer,LegendeVivante@free.fr,ERGTOvf561,Etats-Unis,New York,2023-05-06
564116843146531,cc@free.fr,ddzdzaD56xc,France,Paris,2023-05-06
Mothis,mythe@laposte.fr,ERzefGTO561xc,France,Toulouse,2023-05-05
5641563216843146531,nombreGrand@gmail.com,frgferkjg543,Chine,Pékin,2023-04-21
Mothis,memePseudo@outlook.fr,21DfesdsdZA_8,France,Bordeaux,2023-05-06
LAKIFFANCE,naps@laposte.fr,DZFEokz514,Belgique,Bruxelle,2023-05-05
Rhinoshield,argent@outlook.fr,frDZEF1520,Maroc,Rabat,2023-05-06
Julien,juju@gmail.com,foerjzgf845,France,Rouen,2023-05-04
LeMondeChico,lmc@outlook.com,AdemoNos,Tunisie,Tunis,2023-05-01
Dolly,dauphin@outlook.fr,zddzajbrge,Sénégal,Dakar,2023-04-21
Indila,Chanteuse@outlook.com,DZFdfzefE514,France,Caen,2023-05-05
LRBGood,LRB@laposte.fr,8za454ze,France,Paris,2023-05-01
Bracelet,objet@laposte.fr,DQdzaZ653,Belgique,Bruxelles,2023-05-01
Bretzel,bretzel@free.fr,Bretzelddd,Tunisie,Tunis,2023-05-05
Vivax,vivelavie@free.fr,ERGTdazO561,Algérie,Alger,2023-05-06
Viv,base@laposte.fr,354ezefzreaz,France,Lyon,2023-05-01
Tension,SousTension@outlook.fr,fegrer84354ze,Sénégal,Dakar,2023-05-01
Ma_lubululle,biere@laposte.fr,ddokzaD56,France,Strasbourg,2023-04-21
Elea,base@laposte.fr,35az4ezreaz,France,Lille,2023-05-04
Mistral,meteo@outlook.com,DZFE514fffs,France,Paris,2023-05-04
GordockTheDestroyer,GTD@gmail.com,zdezfdjbefrge,France,Paris,2023-05-04
Felindra,teteDeTigre@gmail.com,foerjgf8gtr45,Algérie,Alger,2023-04-21
SpAttack,sp.attack@outlook.com,DEFJ9fez6ds44,Maroc,Rabat,2023-05-05
theharmonics,TheHarmonics@gmail.com,lesHarmonies,France,Paris,2023-02-15
echoesofsound,EchoesOfSound@outlook.com,echoespassecur,France,Marseille,2023-03-10
midnightrhythms,MidnightRhythms@outlook.fr,midddnight,Etats-Unis,New York,2023-01-20
saharagroove,SAharaGroove@free.fr,saaaaahar,Sénégal,Dakar,2023-04-05
crimsonbeats,CrimsonBeats@laposte.fr,crrrrrimson,Algérie,Alger,2023-02-02
melodicwaves,MelodicWaves@gmail.com,Meeeelodic,Tunisie,Tunis,2023-03-25
lunarsymphony,LunarSymphony@outlook.com,Luuuuunaire,Royaume-Uni,Londres,2023-01-15
mysticecho,MysticEcho@outlook.fr,123000004,Chine,Pékin,2023-03-01
alpinemelodies,AlpineMelodies@free.fr,LessssAlpes,Suisse,Berne,2023-04-10
northernlights,NorthernLights@laposte.fr,LUMIEREDUNORD,Belgique,Bruxelles,2023-02-28
blackpink,Blackpink@gmail.com,ygEntertainment,Seoul,Corée du Sud,2023-01-01